Revenue;<bold>;;<italic>;;<center>;;<comment>
Total Sales;;;;;;;
Returns and Allowances;;;;;;;
Net Sales Revenue;<bold>;RGB(102,178,255);;;;;
Cost of Goods Sold;<bold>;RGB(102,178,255);;;;;
Raw Materials;;;;;;;
Direct Labor;;;;;;;
Manufacturing Overhead;<bold>;;<italic>;;<center>;;
Indirect Labor;;;;;;;
Depreciation Manufacturing Equipment;;;;;;;
Other Manufacturing Overhead;;;;;;;
Net Manufacturing Overhead;<bold>;RGB(102,178,255);;;;;
Net Cost of Goods Sold;<bold>;RGB(102,178,255);;;;;
Gross Profit;<bold>;RGB(0,0,204);;<white>;<center>;;